Year,Units,COMMENT_OBS_0,COMMENT_OBS_1,Länder,GeoCode,Value
1991,"1,000 euros",,,,,30.428
1992,"1,000 euros",,,,,30.837
1993,"1,000 euros",,,,,30.369
1994,"1,000 euros",,,,,31.081
1995,"1,000 euros",,,,,31.486
1996,"1,000 euros",,,,,31.751
1997,"1,000 euros",,,,,32.322
1998,"1,000 euros",,,,,33.026
1999,"1,000 euros",,,,,33.739
2000,"1,000 euros",,,,,34.694
2001,"1,000 euros",,,,,35.236
2002,"1,000 euros",,,,,35.129
2003,"1,000 euros",,,,,34.956
2004,"1,000 euros",,,,,35.402
2005,"1,000 euros",,,,,35.768
2006,"1,000 euros",,,,,37.226
2007,"1,000 euros",,,,,38.387
2008,"1,000 euros",,,,,38.837
2009,"1,000 euros",,,,,36.812
2010,"1,000 euros",,,,,38.429
2011,"1,000 euros",,,,,39.878
2012,"1,000 euros",,,,,40.008
2013,"1,000 euros",r,,,,40.101
2014,"1,000 euros",r,,,,40.853
2015,"1,000 euros",r,,,,41.232
2016,"1,000 euros",r,,,,41.88
2017,"1,000 euros",r,,,,42.962
2018,"1,000 euros",r,,,,43.387
2019,"1,000 euros",r,,,,43.787
2020,"1,000 euros",r,,,,42.017
2021,"1,000 euros",r,,,,43.73
2022,"1,000 euros",r,p,,,44.233
2023,"1,000 euros",r,p,,,43.449
2024,"1,000 euros",r,p,,,43.114
2025,"1,000 euros",r,p,,,43.214
1991,"1,000 euros",,,Baden-Wuerttemberg,code08,36.862
1992,"1,000 euros",,,Baden-Wuerttemberg,code08,36.612
1993,"1,000 euros",,,Baden-Wuerttemberg,code08,34.741
1994,"1,000 euros",,,Baden-Wuerttemberg,code08,35.312
1995,"1,000 euros",,,Baden-Wuerttemberg,code08,35.776
1996,"1,000 euros",,,Baden-Wuerttemberg,code08,36.097
1997,"1,000 euros",,,Baden-Wuerttemberg,code08,36.763
1998,"1,000 euros",,,Baden-Wuerttemberg,code08,37.6
1999,"1,000 euros",,,Baden-Wuerttemberg,code08,38.48
2000,"1,000 euros",,,Baden-Wuerttemberg,code08,39.673
2001,"1,000 euros",,,Baden-Wuerttemberg,code08,40.781
2002,"1,000 euros",,,Baden-Wuerttemberg,code08,40.134
2003,"1,000 euros",,,Baden-Wuerttemberg,code08,39.957
2004,"1,000 euros",,,Baden-Wuerttemberg,code08,40.034
2005,"1,000 euros",,,Baden-Wuerttemberg,code08,40.231
2006,"1,000 euros",,,Baden-Wuerttemberg,code08,42.767
2007,"1,000 euros",,,Baden-Wuerttemberg,code08,44.341
2008,"1,000 euros",,,Baden-Wuerttemberg,code08,44.523
2009,"1,000 euros",,,Baden-Wuerttemberg,code08,40.275
2010,"1,000 euros",,,Baden-Wuerttemberg,code08,43.407
2011,"1,000 euros",r,,Baden-Wuerttemberg,code08,45.531
2012,"1,000 euros",r,,Baden-Wuerttemberg,code08,45.655
2013,"1,000 euros",r,,Baden-Wuerttemberg,code08,45.754
2014,"1,000 euros",r,,Baden-Wuerttemberg,code08,46.373
2015,"1,000 euros",r,,Baden-Wuerttemberg,code08,46.986
2016,"1,000 euros",r,,Baden-Wuerttemberg,code08,47.322
2017,"1,000 euros",r,,Baden-Wuerttemberg,code08,48.797
2018,"1,000 euros",r,,Baden-Wuerttemberg,code08,49.715
2019,"1,000 euros",r,,Baden-Wuerttemberg,code08,49.543
2020,"1,000 euros",r,,Baden-Wuerttemberg,code08,46.955
2021,"1,000 euros",r,,Baden-Wuerttemberg,code08,49.586
2022,"1,000 euros",r,p,Baden-Wuerttemberg,code08,50.525
2023,"1,000 euros",r,p,Baden-Wuerttemberg,code08,49.854
2024,"1,000 euros",r,p,Baden-Wuerttemberg,code08,48.905
2025,"1,000 euros",p,,Baden-Wuerttemberg,code08,48.614
1991,"1,000 euros",,,Bavaria,code09,34.295
1992,"1,000 euros",,,Bavaria,code09,34.812
1993,"1,000 euros",,,Bavaria,code09,33.844
1994,"1,000 euros",,,Bavaria,code09,34.226
1995,"1,000 euros",,,Bavaria,code09,34.358
1996,"1,000 euros",,,Bavaria,code09,34.653
1997,"1,000 euros",,,Bavaria,code09,35.274
1998,"1,000 euros",,,Bavaria,code09,36.537
1999,"1,000 euros",,,Bavaria,code09,37.51
2000,"1,000 euros",,,Bavaria,code09,39.007
2001,"1,000 euros",,,Bavaria,code09,39.839
2002,"1,000 euros",,,Bavaria,code09,39.916
2003,"1,000 euros",,,Bavaria,code09,39.288
2004,"1,000 euros",,,Bavaria,code09,40.067
2005,"1,000 euros",,,Bavaria,code09,40.607
2006,"1,000 euros",,,Bavaria,code09,42.144
2007,"1,000 euros",,,Bavaria,code09,43.304
2008,"1,000 euros",,,Bavaria,code09,43.302
2009,"1,000 euros",,,Bavaria,code09,41.541
2010,"1,000 euros",,,Bavaria,code09,43.638
2011,"1,000 euros",r,,Bavaria,code09,46.107
2012,"1,000 euros",r,,Bavaria,code09,46.343
2013,"1,000 euros",r,,Bavaria,code09,46.716
2014,"1,000 euros",r,,Bavaria,code09,47.533
2015,"1,000 euros",r,,Bavaria,code09,48.233
2016,"1,000 euros",r,,Bavaria,code09,49.02
2017,"1,000 euros",r,,Bavaria,code09,50.629
2018,"1,000 euros",r,,Bavaria,code09,50.688
2019,"1,000 euros",r,,Bavaria,code09,51.31
2020,"1,000 euros",r,,Bavaria,code09,49.175
2021,"1,000 euros",r,,Bavaria,code09,51.28
2022,"1,000 euros",r,p,Bavaria,code09,52.123
2023,"1,000 euros",r,p,Bavaria,code09,51.575
2024,"1,000 euros",r,p,Bavaria,code09,50.637
2025,"1,000 euros",p,,Bavaria,code09,50.764
1991,"1,000 euros",,,Berlin,code11,31.518
1992,"1,000 euros",,,Berlin,code11,32.608
1993,"1,000 euros",,,Berlin,code11,33.466
1994,"1,000 euros",,,Berlin,code11,34.109
1995,"1,000 euros",,,Berlin,code11,34.675
1996,"1,000 euros",,,Berlin,code11,34.488
1997,"1,000 euros",,,Berlin,code11,34.13
1998,"1,000 euros",,,Berlin,code11,34.737
1999,"1,000 euros",,,Berlin,code11,35.089
2000,"1,000 euros",,,Berlin,code11,35.776
2001,"1,000 euros",,,Berlin,code11,35.785
2002,"1,000 euros",,,Berlin,code11,35.114
2003,"1,000 euros",,,Berlin,code11,34.449
2004,"1,000 euros",,,Berlin,code11,34.18
2005,"1,000 euros",,,Berlin,code11,34.938
2006,"1,000 euros",,,Berlin,code11,36.153
2007,"1,000 euros",,,Berlin,code11,37.256
2008,"1,000 euros",,,Berlin,code11,38.553
2009,"1,000 euros",,,Berlin,code11,38.097
2010,"1,000 euros",,,Berlin,code11,39.102
2011,"1,000 euros",r,,Berlin,code11,40.32
2012,"1,000 euros",r,,Berlin,code11,39.791
2013,"1,000 euros",r,,Berlin,code11,39.554
2014,"1,000 euros",r,,Berlin,code11,40.219
2015,"1,000 euros",r,,Berlin,code11,41.364
2016,"1,000 euros",r,,Berlin,code11,42.421
2017,"1,000 euros",r,,Berlin,code11,43.622
2018,"1,000 euros",r,,Berlin,code11,44.705
2019,"1,000 euros",r,,Berlin,code11,45.765
2020,"1,000 euros",r,,Berlin,code11,44.769
2021,"1,000 euros",r,,Berlin,code11,46.803
2022,"1,000 euros",r,p,Berlin,code11,48.707
2023,"1,000 euros",r,p,Berlin,code11,48.677
2024,"1,000 euros",r,p,Berlin,code11,48.731
2025,"1,000 euros",p,,Berlin,code11,49.016
1991,"1,000 euros",,,Brandenburg,code12,14.328
1992,"1,000 euros",,,Brandenburg,code12,15.735
1993,"1,000 euros",,,Brandenburg,code12,17.649
1994,"1,000 euros",,,Brandenburg,code12,19.655
1995,"1,000 euros",,,Brandenburg,code12,21.228
1996,"1,000 euros",,,Brandenburg,code12,22.102
1997,"1,000 euros",,,Brandenburg,code12,22.451
1998,"1,000 euros",,,Brandenburg,code12,22.642
1999,"1,000 euros",,,Brandenburg,code12,23.544
2000,"1,000 euros",,,Brandenburg,code12,24.21
2001,"1,000 euros",,,Brandenburg,code12,24.32
2002,"1,000 euros",,,Brandenburg,code12,24.459
2003,"1,000 euros",,,Brandenburg,code12,24.649
2004,"1,000 euros",,,Brandenburg,code12,25.118
2005,"1,000 euros",,,Brandenburg,code12,25.493
2006,"1,000 euros",,,Brandenburg,code12,26.577
2007,"1,000 euros",,,Brandenburg,code12,27.0
2008,"1,000 euros",,,Brandenburg,code12,27.653
2009,"1,000 euros",,,Brandenburg,code12,27.007
2010,"1,000 euros",,,Brandenburg,code12,27.989
2011,"1,000 euros",r,,Brandenburg,code12,28.424
2012,"1,000 euros",r,,Brandenburg,code12,28.941
2013,"1,000 euros",r,,Brandenburg,code12,28.976
2014,"1,000 euros",r,,Brandenburg,code12,30.072
2015,"1,000 euros",r,,Brandenburg,code12,29.951
2016,"1,000 euros",r,,Brandenburg,code12,30.311
2017,"1,000 euros",r,,Brandenburg,code12,31.101
2018,"1,000 euros",r,,Brandenburg,code12,31.14
2019,"1,000 euros",r,,Brandenburg,code12,31.55
2020,"1,000 euros",r,,Brandenburg,code12,30.461
2021,"1,000 euros",r,,Brandenburg,code12,31.111
2022,"1,000 euros",r,p,Brandenburg,code12,31.479
2023,"1,000 euros",r,p,Brandenburg,code12,31.121
2024,"1,000 euros",r,p,Brandenburg,code12,31.101
2025,"1,000 euros",p,,Brandenburg,code12,31.06
1991,"1,000 euros",,,Bremen,code04,42.186
1992,"1,000 euros",,,Bremen,code04,41.51
1993,"1,000 euros",,,Bremen,code04,39.834
1994,"1,000 euros",,,Bremen,code04,40.362
1995,"1,000 euros",,,Bremen,code04,40.414
1996,"1,000 euros",,,Bremen,code04,40.548
1997,"1,000 euros",,,Bremen,code04,42.128
1998,"1,000 euros",,,Bremen,code04,42.728
1999,"1,000 euros",,,Bremen,code04,43.062
2000,"1,000 euros",,,Bremen,code04,45.31
2001,"1,000 euros",,,Bremen,code04,46.242
2002,"1,000 euros",,,Bremen,code04,46.942
2003,"1,000 euros",,,Bremen,code04,47.299
2004,"1,000 euros",,,Bremen,code04,47.407
2005,"1,000 euros",,,Bremen,code04,48.192
2006,"1,000 euros",,,Bremen,code04,50.336
2007,"1,000 euros",,,Bremen,code04,51.218
2008,"1,000 euros",,,Bremen,code04,51.427
2009,"1,000 euros",,,Bremen,code04,46.72
2010,"1,000 euros",,,Bremen,code04,49.043
2011,"1,000 euros",r,,Bremen,code04,49.982
2012,"1,000 euros",r,,Bremen,code04,51.347
2013,"1,000 euros",r,,Bremen,code04,50.734
2014,"1,000 euros",r,,Bremen,code04,50.94
2015,"1,000 euros",r,,Bremen,code04,50.409
2016,"1,000 euros",r,,Bremen,code04,50.552
2017,"1,000 euros",r,,Bremen,code04,50.718
2018,"1,000 euros",r,,Bremen,code04,50.555
2019,"1,000 euros",r,,Bremen,code04,49.52
2020,"1,000 euros",r,,Bremen,code04,47.23
2021,"1,000 euros",r,,Bremen,code04,50.271
2022,"1,000 euros",r,p,Bremen,code04,51.712
2023,"1,000 euros",r,p,Bremen,code04,50.515
2024,"1,000 euros",r,p,Bremen,code04,49.926
2025,"1,000 euros",p,,Bremen,code04,50.487
1991,"1,000 euros",,,Hamburg,code02,54.118
1992,"1,000 euros",,,Hamburg,code02,53.364
1993,"1,000 euros",,,Hamburg,code02,52.928
1994,"1,000 euros",,,Hamburg,code02,53.213
1995,"1,000 euros",,,Hamburg,code02,53.442
1996,"1,000 euros",,,Hamburg,code02,54.706
1997,"1,000 euros",,,Hamburg,code02,57.023
1998,"1,000 euros",,,Hamburg,code02,58.084
1999,"1,000 euros",,,Hamburg,code02,59.49
2000,"1,000 euros",,,Hamburg,code02,60.949
2001,"1,000 euros",,,Hamburg,code02,64.226
2002,"1,000 euros",,,Hamburg,code02,64.704
2003,"1,000 euros",,,Hamburg,code02,63.352
2004,"1,000 euros",,,Hamburg,code02,64.065
2005,"1,000 euros",,,Hamburg,code02,65.247
2006,"1,000 euros",,,Hamburg,code02,66.039
2007,"1,000 euros",,,Hamburg,code02,67.405
2008,"1,000 euros",,,Hamburg,code02,70.174
2009,"1,000 euros",,,Hamburg,code02,67.891
2010,"1,000 euros",,,Hamburg,code02,68.122
2011,"1,000 euros",r,,Hamburg,code02,68.435
2012,"1,000 euros",r,,Hamburg,code02,68.336
2013,"1,000 euros",r,,Hamburg,code02,70.206
2014,"1,000 euros",r,,Hamburg,code02,69.454
2015,"1,000 euros",r,,Hamburg,code02,70.181
2016,"1,000 euros",r,,Hamburg,code02,70.933
2017,"1,000 euros",r,,Hamburg,code02,71.435
2018,"1,000 euros",r,,Hamburg,code02,71.56
2019,"1,000 euros",r,,Hamburg,code02,73.45
2020,"1,000 euros",r,,Hamburg,code02,69.267
2021,"1,000 euros",r,,Hamburg,code02,69.945
2022,"1,000 euros",r,p,Hamburg,code02,71.564
2023,"1,000 euros",r,p,Hamburg,code02,69.783
2024,"1,000 euros",r,p,Hamburg,code02,70.641
2025,"1,000 euros",p,,Hamburg,code02,70.901
1991,"1,000 euros",,,Hesse,code06,39.09
1992,"1,000 euros",,,Hesse,code06,39.157
1993,"1,000 euros",,,Hesse,code06,38.094
1994,"1,000 euros",,,Hesse,code06,38.382
1995,"1,000 euros",,,Hesse,code06,38.594
1996,"1,000 euros",,,Hesse,code06,39.323
1997,"1,000 euros",,,Hesse,code06,39.973
1998,"1,000 euros",,,Hesse,code06,40.802
1999,"1,000 euros",,,Hesse,code06,42.05
2000,"1,000 euros",,,Hesse,code06,43.47
2001,"1,000 euros",,,Hesse,code06,44.387
2002,"1,000 euros",,,Hesse,code06,43.685
2003,"1,000 euros",,,Hesse,code06,43.92
2004,"1,000 euros",,,Hesse,code06,44.003
2005,"1,000 euros",,,Hesse,code06,44.275
2006,"1,000 euros",,,Hesse,code06,45.876
2007,"1,000 euros",,,Hesse,code06,47.231
2008,"1,000 euros",,,Hesse,code06,47.575
2009,"1,000 euros",,,Hesse,code06,44.239
2010,"1,000 euros",,,Hesse,code06,45.617
2011,"1,000 euros",r,,Hesse,code06,47.219
2012,"1,000 euros",r,,Hesse,code06,46.683
2013,"1,000 euros",r,,Hesse,code06,46.852
2014,"1,000 euros",r,,Hesse,code06,47.423
2015,"1,000 euros",r,,Hesse,code06,47.466
2016,"1,000 euros",r,,Hesse,code06,48.301
2017,"1,000 euros",r,,Hesse,code06,49.364
2018,"1,000 euros",r,,Hesse,code06,49.714
2019,"1,000 euros",r,,Hesse,code06,50.241
2020,"1,000 euros",r,,Hesse,code06,47.761
2021,"1,000 euros",r,,Hesse,code06,50.112
2022,"1,000 euros",r,p,Hesse,code06,50.916
2023,"1,000 euros",r,p,Hesse,code06,50.543
2024,"1,000 euros",r,p,Hesse,code06,50.577
2025,"1,000 euros",p,,Hesse,code06,50.406
1991,"1,000 euros",,,Mecklenburg Western Pomerania,code13,13.968
1992,"1,000 euros",,,Mecklenburg Western Pomerania,code13,15.32
1993,"1,000 euros",,,Mecklenburg Western Pomerania,code13,17.146
1994,"1,000 euros",,,Mecklenburg Western Pomerania,code13,19.294
1995,"1,000 euros",,,Mecklenburg Western Pomerania,code13,20.879
1996,"1,000 euros",,,Mecklenburg Western Pomerania,code13,21.592
1997,"1,000 euros",,,Mecklenburg Western Pomerania,code13,22.045
1998,"1,000 euros",,,Mecklenburg Western Pomerania,code13,22.258
1999,"1,000 euros",,,Mecklenburg Western Pomerania,code13,23.016
2000,"1,000 euros",,,Mecklenburg Western Pomerania,code13,23.215
2001,"1,000 euros",,,Mecklenburg Western Pomerania,code13,23.184
2002,"1,000 euros",,,Mecklenburg Western Pomerania,code13,23.497
2003,"1,000 euros",,,Mecklenburg Western Pomerania,code13,23.675
2004,"1,000 euros",,,Mecklenburg Western Pomerania,code13,23.907
2005,"1,000 euros",,,Mecklenburg Western Pomerania,code13,24.1
2006,"1,000 euros",,,Mecklenburg Western Pomerania,code13,24.849
2007,"1,000 euros",,,Mecklenburg Western Pomerania,code13,25.759
2008,"1,000 euros",,,Mecklenburg Western Pomerania,code13,26.212
2009,"1,000 euros",,,Mecklenburg Western Pomerania,code13,26.283
2010,"1,000 euros",,,Mecklenburg Western Pomerania,code13,26.684
2011,"1,000 euros",r,,Mecklenburg Western Pomerania,code13,27.394
2012,"1,000 euros",r,,Mecklenburg Western Pomerania,code13,27.454
2013,"1,000 euros",r,,Mecklenburg Western Pomerania,code13,27.559
2014,"1,000 euros",r,,Mecklenburg Western Pomerania,code13,28.432
2015,"1,000 euros",r,,Mecklenburg Western Pomerania,code13,28.545
2016,"1,000 euros",r,,Mecklenburg Western Pomerania,code13,28.971
2017,"1,000 euros",r,,Mecklenburg Western Pomerania,code13,30.438
2018,"1,000 euros",r,,Mecklenburg Western Pomerania,code13,30.093
2019,"1,000 euros",r,,Mecklenburg Western Pomerania,code13,31.287
2020,"1,000 euros",r,,Mecklenburg Western Pomerania,code13,30.184
2021,"1,000 euros",r,,Mecklenburg Western Pomerania,code13,31.025
2022,"1,000 euros",r,p,Mecklenburg Western Pomerania,code13,31.762
2023,"1,000 euros",r,p,Mecklenburg Western Pomerania,code13,31.124
2024,"1,000 euros",r,p,Mecklenburg Western Pomerania,code13,31.04
2025,"1,000 euros",p,,Mecklenburg Western Pomerania,code13,31.594
1991,"1,000 euros",,,Lower Saxony,code03,30.178
1992,"1,000 euros",,,Lower Saxony,code03,30.235
1993,"1,000 euros",,,Lower Saxony,code03,29.438
1994,"1,000 euros",,,Lower Saxony,code03,29.83
1995,"1,000 euros",,,Lower Saxony,code03,29.327
1996,"1,000 euros",,,Lower Saxony,code03,29.219
1997,"1,000 euros",,,Lower Saxony,code03,29.621
1998,"1,000 euros",,,Lower Saxony,code03,30.23
1999,"1,000 euros",,,Lower Saxony,code03,30.664
2000,"1,000 euros",,,Lower Saxony,code03,31.445
2001,"1,000 euros",,,Lower Saxony,code03,31.241
2002,"1,000 euros",,,Lower Saxony,code03,30.652
2003,"1,000 euros",,,Lower Saxony,code03,30.527
2004,"1,000 euros",,,Lower Saxony,code03,31.014
2005,"1,000 euros",,,Lower Saxony,code03,31.661
2006,"1,000 euros",,,Lower Saxony,code03,33.021
2007,"1,000 euros",,,Lower Saxony,code03,33.962
2008,"1,000 euros",,,Lower Saxony,code03,34.583
2009,"1,000 euros",,,Lower Saxony,code03,32.947
2010,"1,000 euros",,,Lower Saxony,code03,34.8
2011,"1,000 euros",r,,Lower Saxony,code03,36.388
2012,"1,000 euros",r,,Lower Saxony,code03,36.692
2013,"1,000 euros",r,,Lower Saxony,code03,36.38
2014,"1,000 euros",r,,Lower Saxony,code03,37.372
2015,"1,000 euros",r,,Lower Saxony,code03,36.995
2016,"1,000 euros",r,,Lower Saxony,code03,39.071
2017,"1,000 euros",r,,Lower Saxony,code03,39.333
2018,"1,000 euros",r,,Lower Saxony,code03,40.097
2019,"1,000 euros",r,,Lower Saxony,code03,40.624
2020,"1,000 euros",r,,Lower Saxony,code03,38.995
2021,"1,000 euros",r,,Lower Saxony,code03,39.896
2022,"1,000 euros",r,p,Lower Saxony,code03,39.646
2023,"1,000 euros",r,p,Lower Saxony,code03,39.032
2024,"1,000 euros",r,p,Lower Saxony,code03,39.374
2025,"1,000 euros",p,,Lower Saxony,code03,39.682
1991,"1,000 euros",,,North Rhine-Westphalia,code05,32.65
1992,"1,000 euros",,,North Rhine-Westphalia,code05,32.747
1993,"1,000 euros",,,North Rhine-Westphalia,code05,31.784
1994,"1,000 euros",,,North Rhine-Westphalia,code05,32.126
1995,"1,000 euros",,,North Rhine-Westphalia,code05,32.413
1996,"1,000 euros",,,North Rhine-Westphalia,code05,32.361
1997,"1,000 euros",,,North Rhine-Westphalia,code05,32.955
1998,"1,000 euros",,,North Rhine-Westphalia,code05,33.653
1999,"1,000 euros",,,North Rhine-Westphalia,code05,34.091
2000,"1,000 euros",,,North Rhine-Westphalia,code05,34.846
2001,"1,000 euros",,,North Rhine-Westphalia,code05,35.223
2002,"1,000 euros",,,North Rhine-Westphalia,code05,35.225
2003,"1,000 euros",,,North Rhine-Westphalia,code05,34.847
2004,"1,000 euros",,,North Rhine-Westphalia,code05,35.3
2005,"1,000 euros",,,North Rhine-Westphalia,code05,35.535
2006,"1,000 euros",,,North Rhine-Westphalia,code05,36.666
2007,"1,000 euros",,,North Rhine-Westphalia,code05,38.043
2008,"1,000 euros",,,North Rhine-Westphalia,code05,38.585
2009,"1,000 euros",,,North Rhine-Westphalia,code05,36.681
2010,"1,000 euros",,,North Rhine-Westphalia,code05,37.716
2011,"1,000 euros",r,,North Rhine-Westphalia,code05,38.79
2012,"1,000 euros",r,,North Rhine-Westphalia,code05,38.694
2013,"1,000 euros",r,,North Rhine-Westphalia,code05,38.709
2014,"1,000 euros",r,,North Rhine-Westphalia,code05,39.494
2015,"1,000 euros",r,,North Rhine-Westphalia,code05,39.851
2016,"1,000 euros",r,,North Rhine-Westphalia,code05,40.004
2017,"1,000 euros",r,,North Rhine-Westphalia,code05,41.221
2018,"1,000 euros",r,,North Rhine-Westphalia,code05,41.7
2019,"1,000 euros",r,,North Rhine-Westphalia,code05,41.789
2020,"1,000 euros",r,,North Rhine-Westphalia,code05,40.32
2021,"1,000 euros",r,,North Rhine-Westphalia,code05,41.663
2022,"1,000 euros",r,p,North Rhine-Westphalia,code05,41.601
2023,"1,000 euros",r,p,North Rhine-Westphalia,code05,40.703
2024,"1,000 euros",r,p,North Rhine-Westphalia,code05,40.436
2025,"1,000 euros",p,,North Rhine-Westphalia,code05,40.59
1991,"1,000 euros",,,Rhineland Palatinate,code07,30.6
1992,"1,000 euros",,,Rhineland Palatinate,code07,30.362
1993,"1,000 euros",,,Rhineland Palatinate,code07,29.021
1994,"1,000 euros",,,Rhineland Palatinate,code07,29.279
1995,"1,000 euros",,,Rhineland Palatinate,code07,29.421
1996,"1,000 euros",,,Rhineland Palatinate,code07,29.157
1997,"1,000 euros",,,Rhineland Palatinate,code07,29.852
1998,"1,000 euros",,,Rhineland Palatinate,code07,29.9
1999,"1,000 euros",,,Rhineland Palatinate,code07,30.549
2000,"1,000 euros",,,Rhineland Palatinate,code07,31.178
2001,"1,000 euros",,,Rhineland Palatinate,code07,30.654
2002,"1,000 euros",,,Rhineland Palatinate,code07,30.84
2003,"1,000 euros",,,Rhineland Palatinate,code07,30.778
2004,"1,000 euros",,,Rhineland Palatinate,code07,31.51
2005,"1,000 euros",,,Rhineland Palatinate,code07,31.522
2006,"1,000 euros",,,Rhineland Palatinate,code07,32.792
2007,"1,000 euros",,,Rhineland Palatinate,code07,33.556
2008,"1,000 euros",,,Rhineland Palatinate,code07,33.757
2009,"1,000 euros",,,Rhineland Palatinate,code07,32.285
2010,"1,000 euros",,,Rhineland Palatinate,code07,34.09
2011,"1,000 euros",r,,Rhineland Palatinate,code07,34.873
2012,"1,000 euros",r,,Rhineland Palatinate,code07,35.344
2013,"1,000 euros",r,,Rhineland Palatinate,code07,35.439
2014,"1,000 euros",r,,Rhineland Palatinate,code07,36.243
2015,"1,000 euros",r,,Rhineland Palatinate,code07,36.748
2016,"1,000 euros",r,,Rhineland Palatinate,code07,37.104
2017,"1,000 euros",r,,Rhineland Palatinate,code07,37.254
2018,"1,000 euros",r,,Rhineland Palatinate,code07,37.282
2019,"1,000 euros",r,,Rhineland Palatinate,code07,37.6
2020,"1,000 euros",r,,Rhineland Palatinate,code07,36.285
2021,"1,000 euros",r,,Rhineland Palatinate,code07,40.393
2022,"1,000 euros",r,p,Rhineland Palatinate,code07,39.981
2023,"1,000 euros",r,p,Rhineland Palatinate,code07,36.917
2024,"1,000 euros",r,p,Rhineland Palatinate,code07,36.485
2025,"1,000 euros",p,,Rhineland Palatinate,code07,36.324
1991,"1,000 euros",,,Saarland,code10,28.993
1992,"1,000 euros",,,Saarland,code10,28.724
1993,"1,000 euros",,,Saarland,code10,27.317
1994,"1,000 euros",,,Saarland,code10,28.132
1995,"1,000 euros",,,Saarland,code10,28.737
1996,"1,000 euros",,,Saarland,code10,28.078
1997,"1,000 euros",,,Saarland,code10,28.656
1998,"1,000 euros",,,Saarland,code10,29.498
1999,"1,000 euros",,,Saarland,code10,30.449
2000,"1,000 euros",,,Saarland,code10,31.877
2001,"1,000 euros",,,Saarland,code10,32.603
2002,"1,000 euros",,,Saarland,code10,32.142
2003,"1,000 euros",,,Saarland,code10,32.184
2004,"1,000 euros",,,Saarland,code10,33.353
2005,"1,000 euros",,,Saarland,code10,34.8
2006,"1,000 euros",,,Saarland,code10,36.147
2007,"1,000 euros",,,Saarland,code10,37.182
2008,"1,000 euros",,,Saarland,code10,37.526
2009,"1,000 euros",,,Saarland,code10,33.827
2010,"1,000 euros",,,Saarland,code10,35.782
2011,"1,000 euros",r,,Saarland,code10,37.489
2012,"1,000 euros",r,,Saarland,code10,37.075
2013,"1,000 euros",r,,Saarland,code10,36.148
2014,"1,000 euros",r,,Saarland,code10,37.292
2015,"1,000 euros",r,,Saarland,code10,37.356
2016,"1,000 euros",r,,Saarland,code10,37.154
2017,"1,000 euros",r,,Saarland,code10,38.142
2018,"1,000 euros",r,,Saarland,code10,37.941
2019,"1,000 euros",r,,Saarland,code10,37.529
2020,"1,000 euros",r,,Saarland,code10,35.412
2021,"1,000 euros",r,,Saarland,code10,36.066
2022,"1,000 euros",r,p,Saarland,code10,36.573
2023,"1,000 euros",r,p,Saarland,code10,36.077
2024,"1,000 euros",r,p,Saarland,code10,34.426
2025,"1,000 euros",p,,Saarland,code10,34.233
1991,"1,000 euros",,,Saxony,code14,13.696
1992,"1,000 euros",,,Saxony,code14,15.19
1993,"1,000 euros",,,Saxony,code14,17.183
1994,"1,000 euros",,,Saxony,code14,19.492
1995,"1,000 euros",,,Saxony,code14,21.157
1996,"1,000 euros",,,Saxony,code14,21.915
1997,"1,000 euros",,,Saxony,code14,21.977
1998,"1,000 euros",,,Saxony,code14,22.425
1999,"1,000 euros",,,Saxony,code14,23.028
2000,"1,000 euros",,,Saxony,code14,23.286
2001,"1,000 euros",,,Saxony,code14,23.854
2002,"1,000 euros",,,Saxony,code14,24.553
2003,"1,000 euros",,,Saxony,code14,25.078
2004,"1,000 euros",,,Saxony,code14,25.687
2005,"1,000 euros",,,Saxony,code14,25.748
2006,"1,000 euros",,,Saxony,code14,27.085
2007,"1,000 euros",,,Saxony,code14,27.998
2008,"1,000 euros",,,Saxony,code14,28.167
2009,"1,000 euros",,,Saxony,code14,27.255
2010,"1,000 euros",,,Saxony,code14,28.276
2011,"1,000 euros",r,,Saxony,code14,29.28
2012,"1,000 euros",r,,Saxony,code14,29.499
2013,"1,000 euros",r,,Saxony,code14,29.548
2014,"1,000 euros",,,Saxony,code14,30.413
2015,"1,000 euros",r,,Saxony,code14,31.101
2016,"1,000 euros",r,,Saxony,code14,31.62
2017,"1,000 euros",r,,Saxony,code14,32.463
2018,"1,000 euros",r,,Saxony,code14,32.809
2019,"1,000 euros",r,,Saxony,code14,33.323
2020,"1,000 euros",r,,Saxony,code14,32.08
2021,"1,000 euros",r,,Saxony,code14,33.102
2022,"1,000 euros",r,p,Saxony,code14,33.918
2023,"1,000 euros",r,p,Saxony,code14,33.315
2024,"1,000 euros",r,p,Saxony,code14,33.218
2025,"1,000 euros",p,,Saxony,code14,33.317
1991,"1,000 euros",,,Saxony-Anhalt,code15,13.288
1992,"1,000 euros",,,Saxony-Anhalt,code15,14.67
1993,"1,000 euros",,,Saxony-Anhalt,code15,16.729
1994,"1,000 euros",,,Saxony-Anhalt,code15,18.646
1995,"1,000 euros",,,Saxony-Anhalt,code15,19.584
1996,"1,000 euros",,,Saxony-Anhalt,code15,20.387
1997,"1,000 euros",,,Saxony-Anhalt,code15,21.045
1998,"1,000 euros",,,Saxony-Anhalt,code15,21.38
1999,"1,000 euros",,,Saxony-Anhalt,code15,21.96
2000,"1,000 euros",,,Saxony-Anhalt,code15,22.43
2001,"1,000 euros",,,Saxony-Anhalt,code15,22.542
2002,"1,000 euros",,,Saxony-Anhalt,code15,23.329
2003,"1,000 euros",,,Saxony-Anhalt,code15,23.58
2004,"1,000 euros",,,Saxony-Anhalt,code15,24.047
2005,"1,000 euros",,,Saxony-Anhalt,code15,24.175
2006,"1,000 euros",,,Saxony-Anhalt,code15,25.361
2007,"1,000 euros",,,Saxony-Anhalt,code15,26.099
2008,"1,000 euros",,,Saxony-Anhalt,code15,26.508
2009,"1,000 euros",,,Saxony-Anhalt,code15,25.412
2010,"1,000 euros",,,Saxony-Anhalt,code15,26.887
2011,"1,000 euros",r,,Saxony-Anhalt,code15,27.035
2012,"1,000 euros",r,,Saxony-Anhalt,code15,27.944
2013,"1,000 euros",,,Saxony-Anhalt,code15,27.795
2014,"1,000 euros",r,,Saxony-Anhalt,code15,28.266
2015,"1,000 euros",r,,Saxony-Anhalt,code15,28.399
2016,"1,000 euros",r,,Saxony-Anhalt,code15,28.917
2017,"1,000 euros",r,,Saxony-Anhalt,code15,29.607
2018,"1,000 euros",r,,Saxony-Anhalt,code15,29.669
2019,"1,000 euros",r,,Saxony-Anhalt,code15,30.551
2020,"1,000 euros",r,,Saxony-Anhalt,code15,29.785
2021,"1,000 euros",r,,Saxony-Anhalt,code15,30.585
2022,"1,000 euros",r,p,Saxony-Anhalt,code15,30.577
2023,"1,000 euros",r,p,Saxony-Anhalt,code15,29.643
2024,"1,000 euros",r,p,Saxony-Anhalt,code15,29.365
2025,"1,000 euros",p,,Saxony-Anhalt,code15,29.512
1991,"1,000 euros",,,Schleswig-Holstein,code01,29.032
1992,"1,000 euros",,,Schleswig-Holstein,code01,29.117
1993,"1,000 euros",,,Schleswig-Holstein,code01,28.427
1994,"1,000 euros",,,Schleswig-Holstein,code01,28.629
1995,"1,000 euros",,,Schleswig-Holstein,code01,28.955
1996,"1,000 euros",,,Schleswig-Holstein,code01,29.185
1997,"1,000 euros",,,Schleswig-Holstein,code01,29.695
1998,"1,000 euros",,,Schleswig-Holstein,code01,29.769
1999,"1,000 euros",,,Schleswig-Holstein,code01,29.95
2000,"1,000 euros",,,Schleswig-Holstein,code01,30.497
2001,"1,000 euros",,,Schleswig-Holstein,code01,30.742
2002,"1,000 euros",,,Schleswig-Holstein,code01,30.012
2003,"1,000 euros",,,Schleswig-Holstein,code01,29.834
2004,"1,000 euros",,,Schleswig-Holstein,code01,30.232
2005,"1,000 euros",,,Schleswig-Holstein,code01,30.317
2006,"1,000 euros",,,Schleswig-Holstein,code01,31.099
2007,"1,000 euros",,,Schleswig-Holstein,code01,31.379
2008,"1,000 euros",,,Schleswig-Holstein,code01,32.169
2009,"1,000 euros",,,Schleswig-Holstein,code01,31.115
2010,"1,000 euros",,,Schleswig-Holstein,code01,31.413
2011,"1,000 euros",r,,Schleswig-Holstein,code01,32.243
2012,"1,000 euros",r,,Schleswig-Holstein,code01,32.985
2013,"1,000 euros",r,,Schleswig-Holstein,code01,32.553
2014,"1,000 euros",r,,Schleswig-Holstein,code01,32.921
2015,"1,000 euros",r,,Schleswig-Holstein,code01,33.024
2016,"1,000 euros",,,Schleswig-Holstein,code01,33.501
2017,"1,000 euros",r,,Schleswig-Holstein,code01,34.424
2018,"1,000 euros",r,,Schleswig-Holstein,code01,34.69
2019,"1,000 euros",r,,Schleswig-Holstein,code01,35.395
2020,"1,000 euros",r,,Schleswig-Holstein,code01,34.538
2021,"1,000 euros",r,,Schleswig-Holstein,code01,34.556
2022,"1,000 euros",r,p,Schleswig-Holstein,code01,34.984
2023,"1,000 euros",r,p,Schleswig-Holstein,code01,33.898
2024,"1,000 euros",r,p,Schleswig-Holstein,code01,33.774
2025,"1,000 euros",p,,Schleswig-Holstein,code01,34.05
1991,"1,000 euros",,,Thuringia,code16,11.756
1992,"1,000 euros",,,Thuringia,code16,13.924
1993,"1,000 euros",,,Thuringia,code16,15.881
1994,"1,000 euros",,,Thuringia,code16,17.993
1995,"1,000 euros",,,Thuringia,code16,18.797
1996,"1,000 euros",,,Thuringia,code16,19.449
1997,"1,000 euros",,,Thuringia,code16,20.123
1998,"1,000 euros",,,Thuringia,code16,20.744
1999,"1,000 euros",,,Thuringia,code16,21.49
2000,"1,000 euros",,,Thuringia,code16,22.023
2001,"1,000 euros",,,Thuringia,code16,22.371
2002,"1,000 euros",,,Thuringia,code16,22.581
2003,"1,000 euros",,,Thuringia,code16,23.146
2004,"1,000 euros",,,Thuringia,code16,23.694
2005,"1,000 euros",,,Thuringia,code16,23.835
2006,"1,000 euros",,,Thuringia,code16,24.979
2007,"1,000 euros",,,Thuringia,code16,25.762
2008,"1,000 euros",,,Thuringia,code16,28.975
2009,"1,000 euros",,,Thuringia,code16,24.924
2010,"1,000 euros",,,Thuringia,code16,26.313
2011,"1,000 euros",r,,Thuringia,code16,27.651
2012,"1,000 euros",r,,Thuringia,code16,27.751
2013,"1,000 euros",r,,Thuringia,code16,28.173
2014,"1,000 euros",r,,Thuringia,code16,29.25
2015,"1,000 euros",r,,Thuringia,code16,29.526
2016,"1,000 euros",r,,Thuringia,code16,30.022
2017,"1,000 euros",r,,Thuringia,code16,30.755
2018,"1,000 euros",r,,Thuringia,code16,30.835
2019,"1,000 euros",r,,Thuringia,code16,31.023
2020,"1,000 euros",r,,Thuringia,code16,30.162
2021,"1,000 euros",r,,Thuringia,code16,31.117
2022,"1,000 euros",r,p,Thuringia,code16,31.619
2023,"1,000 euros",r,p,Thuringia,code16,31.016
2024,"1,000 euros",r,p,Thuringia,code16,30.522
2025,"1,000 euros",p,,Thuringia,code16,30.894
